{
  "rows": 6812,
  "train_rows": 5483,
  "test_rows": 1329,
  "model": "lightgbm",
  "accuracy": 0.9879608728367193,
  "precision": 0.9916666666666667,
  "recall": 0.9935064935064936,
  "f1": 0.9925857275254867,
  "auc": 0.9968918389521692,
  "confusion_matrix": [
    [
      242,
      9
    ],
    [
      7,
      1071
    ]
  ]
}