{
  "n_rows": 1901249,
  "n_days": 21,
  "protocol": "temporal (earliest days train, latest val/test by day)",
  "test_auc": 0.6658870253795541,
  "test_pr_auc": 0.9079939471347027,
  "test_accuracy": 0.5766355794824585,
  "test_f1": 0.6842024728770988,
  "baseline_majority_accuracy": 0.8283717253387236,
  "baseline_routehour_auc": 0.585027018887239,
  "on_time_base_rate": 0.809518447542523,
  "confusion_matrix": [
    [
      23586,
      10717
    ],
    [
      73900,
      91665
    ]
  ]
}